{
    "imports": {
        "@angular-mf/root-config": "https://angular.microfrontends.app/root-config/eefc47ce1fc8435c2925404459bdba05cc38bf5f/angular-mf-root-config.js",
        "single-spa": "https://cdn.jsdelivr.net/npm/single-spa@5.9.1/lib/system/single-spa.min.js",
        "single-spa-layout": "https://unpkg.com/single-spa-layout@1.0.0-beta.2/dist/system/single-spa-layout.min.js",
        "@angular/core": "https://cdn.jsdelivr.net/npm/@esm-bundle/angular__core@11.1.1/system/es2015/ivy/angular-core.min.js",
        "@angular/common": "https://cdn.jsdelivr.net/npm/@esm-bundle/angular__common@11.1.1/system/es2015/ivy/angular-common.min.js",
        "@angular/router": "https://cdn.jsdelivr.net/npm/@esm-bundle/angular__router@11.1.1/system/es2015/ivy/angular-router.min.js",
        "@angular/platform-browser": "https://cdn.jsdelivr.net/npm/@esm-bundle/angular__platform-browser@11.1.1/system/es2015/ivy/angular-platform-browser.min.js",
        "rxjs": "https://cdn.jsdelivr.net/npm/@esm-bundle/rxjs@6.6.3-fix.0/system/es2015/rxjs.min.js",
        "rxjs/operators": "https://cdn.jsdelivr.net/npm/@esm-bundle/rxjs@6.6.3-fix.0/system/es2015/rxjs-operators.min.js",
        "@angular-mf/navbar": "https://angular.microfrontends.app/navbar/c4e4c5fb1f50542627af5457b5b232eb99bb5de1/main.js",
        "@angular-mf/root-config/": "https://angular.microfrontends.app/root-config/eefc47ce1fc8435c2925404459bdba05cc38bf5f/",
        "@angular-mf/navbar/": "https://angular.microfrontends.app/navbar/c4e4c5fb1f50542627af5457b5b232eb99bb5de1/",
        "@angular-microfrontends/navbar": "https://angular.microfrontends.app/navbar/9d77eb6e2813655c1078626801a0a2fedba765e6/main.js",
        "@angular-microfrontends/navbar/": "https://angular.microfrontends.app/navbar/9d77eb6e2813655c1078626801a0a2fedba765e6/",
        "@angular-microfrontends/game-core": "https://angular.microfrontends.app/game-core/d286b851c2eb7c594e08752cde93fbf5f6fda9ef/angular-microfrontends-game-core.umd.min.js",
        "@angular-microfrontends/game-core/": "https://angular.microfrontends.app/game-core/d286b851c2eb7c594e08752cde93fbf5f6fda9ef/",
        "@angular-microfrontends/root-config": "https://angular.microfrontends.app/root-config/ed08129415521da2a6071e324afc4773efc96184/angular-microfrontends-root-config.js",
        "@angular-microfrontends/root-config/": "https://angular.microfrontends.app/root-config/ed08129415521da2a6071e324afc4773efc96184/",
        "@angular-microfrontends/play": "https://angular.microfrontends.app/play/2f5f477ef0d81876362f5bf516b31df24e65cc02/main.js",
        "@angular-microfrontends/play/": "https://angular.microfrontends.app/play/2f5f477ef0d81876362f5bf516b31df24e65cc02/",
        "@angular-microfrontends/stats": "https://angular.microfrontends.app/stats/b94a9e6a9077c8ac1b449ab13c1f79e7240b153c/main.js",
        "@angular-microfrontends/stats/": "https://angular.microfrontends.app/stats/b94a9e6a9077c8ac1b449ab13c1f79e7240b153c/",
         "app1": "http://localhost:4400/main.js"
        
       
    }
}